f1,accuracy,precision,recall
0.0074349441565573215,0.00937500037252903,0.20000000298023224,0.0037878789007663727
0.019323671236634254,0.02500000037252903,0.2222222238779068,0.010101010091602802
0.10329080373048782,0.11874999850988388,0.35902029275894165,0.06048581004142761
0.18284931778907776,0.18984374403953552,0.3839918076992035,0.15174062550067902
0.22330886125564575,0.25312501192092896,0.398097962141037,0.21482685208320618
