f1,accuracy,precision,recall
0.9339271783828735,0.956250011920929,0.9292716979980469,0.9387974739074707
0.9402454495429993,0.9614906907081604,0.9260537028312683,0.9565012454986572
0.9426122903823853,0.9633074998855591,0.9262955188751221,0.9616624116897583
