f1,accuracy,precision,recall
0.9253034591674805,0.949999988079071,0.8947368860244751,0.9692307710647583
0.9262163043022156,0.9490683078765869,0.9031248092651367,0.95662522315979
0.9264230728149414,0.9488372206687927,0.9051439762115479,0.953859269618988
0.9265143871307373,0.9487323760986328,0.906051754951477,0.9526477456092834
0.9265658259391785,0.9486725926399231,0.9065676331520081,0.9519679546356201
